,model_uuid,model_path,ampl_version,model_type,dataset_key,features,splitter,split_strategy,model_score_type,feature_transform_type,model_choice_score,best_train_r2_score,best_train_rms_score,best_train_mae_score,best_train_num_compounds,best_valid_r2_score,best_valid_rms_score,best_valid_mae_score,best_valid_num_compounds,best_test_r2_score,best_test_rms_score,best_test_mae_score,best_test_num_compounds,rf_estimators,rf_max_features,rf_max_depth,max_epochs,best_epoch,learning_rate,layer_sizes,dropouts,xgb_gamma,xgb_learning_rate,xgb_max_depth,xgb_colsample_bytree,xgb_subsample,xgb_n_estimators,xgb_min_child_weight,model_parameters_dict,feat_parameters_dict
36,fcd04610-23c1-4b57-9632-55ad08550839,dataset/curated_logP_model_fcd04610-23c1-4b57-9632-55ad08550839.tar.gz,1.6.0,NN,/home/jupyter/AMPL/atomsci/logP/dataset/curated_logP.csv,rdkit_raw,scaffold,train_valid_test,r2,normalization,0.8592978368596942,0.8592978368596942,0.6777402232647106,0.4723803435065036,1389,0.8592978368596942,0.6777402232647106,0.4723803435065036,1389,0.8592978368596942,0.6777402232647106,0.4723803435065036,1389,,,,81.0,80.0,0.00010901598351662521,"333,379,305","0.30,0.15,0.13",,,,,,,,"{""best_epoch"": 80, ""dropouts"": [0.30122473218859236, 0.1473385547373891, 0.12542010073561682], ""layer_sizes"": [333, 379, 305], ""learning_rate"": 0.00010901598351662521, ""max_epochs"": 81}",{}
6,63a3fb43-5c12-453e-ba0d-d63f9d21ac69,dataset/curated_logP_model_63a3fb43-5c12-453e-ba0d-d63f9d21ac69.tar.gz,1.6.0,RF,/home/jupyter/AMPL/atomsci/logP/dataset/curated_logP.csv,rdkit_raw,scaffold,train_valid_test,r2,normalization,0.6787104253020817,0.9722452059465069,0.3012055265408024,0.21459063906390638,1111,0.6787104253020817,0.9908242480437742,0.7531038129496403,139,0.764342591415126,0.8820658165405529,0.6871050359712229,139,500.0,32.0,,,,,,,,,,,,,,"{""rf_estimators"": 500, ""rf_max_depth"": null, ""rf_max_features"": 32}",{}
56,a72ac02a-9a50-4d0e-adb9-70c00afe345f,dataset/curated_logP_model_a72ac02a-9a50-4d0e-adb9-70c00afe345f.tar.gz,1.6.0,NN,/home/jupyter/AMPL/atomsci/logP/dataset/curated_logP.csv,rdkit_raw,scaffold,train_valid_test,r2,normalization,0.6712112956035736,0.8991392460056687,0.5824799487974989,0.3975732318047775,972,0.6712112956035736,0.9151621283045793,0.681775711789634,208,0.7632405159435898,0.900599175023387,0.6880324131686505,209,,,,100.0,83.0,0.00032056295683161897,"131,158,22","0.36,0.14,0.26",,,,,,,,"{""best_epoch"": 83, ""dropouts"": [0.35530798111989176, 0.13707630193402603, 0.259409873824895], ""layer_sizes"": [131, 158, 22], ""learning_rate"": 0.00032056295683161897, ""max_epochs"": 100}",{}
38,3b0d6747-bc41-48bb-ade2-e597b5f6b6eb,dataset/curated_logP_model_3b0d6747-bc41-48bb-ade2-e597b5f6b6eb.tar.gz,1.6.0,NN,/home/jupyter/AMPL/atomsci/logP/dataset/curated_logP.csv,rdkit_raw,scaffold,train_valid_test,r2,normalization,0.6638400478433129,0.8503828223578532,0.7094317215911058,0.48899210980823127,972,0.6638400478433129,0.9253639615668956,0.6968393544963459,208,0.7607196685724388,0.9053809516972967,0.686836325015166,209,,,,100.0,27.0,0.0015812887215221026,"464,398,357","0.21,0.01,0.25",,,,,,,,"{""best_epoch"": 27, ""dropouts"": [0.20930090172094482, 0.009958629086598725, 0.2505264540575118], ""layer_sizes"": [464, 398, 357], ""learning_rate"": 0.0015812887215221026, ""max_epochs"": 100}",{}
32,35ca7828-dc8f-4ae8-bae2-e4f3b6eac471,dataset/curated_logP_model_35ca7828-dc8f-4ae8-bae2-e4f3b6eac471.tar.gz,1.6.0,RF,/home/jupyter/AMPL/atomsci/logP/dataset/curated_logP.csv,rdkit_raw,scaffold,train_valid_test,r2,normalization,0.6622355321630669,0.9719993694363459,0.3069048703715771,0.2108640767367795,972,0.6622355321630669,0.9275697470488524,0.7231259862381045,208,0.7332070222323295,0.956015755210134,0.7332771670095897,209,131.0,44.0,27.0,,,,,,,,,,,,,"{""rf_estimators"": 131, ""rf_max_depth"": 27, ""rf_max_features"": 44}",{}
58,e17ebc12-b946-4f2b-9461-cdc5cdc6e6d3,dataset/curated_logP_model_e17ebc12-b946-4f2b-9461-cdc5cdc6e6d3.tar.gz,1.6.0,NN,/home/jupyter/AMPL/atomsci/logP/dataset/curated_logP.csv,rdkit_raw,scaffold,train_valid_test,r2,normalization,0.6598787722627886,0.883276227058116,0.6266131911565352,0.4270068640547231,972,0.6598787722627886,0.9308001921044015,0.6957942889881712,208,0.776783375072225,0.874462360711057,0.6687369075670144,209,,,,100.0,80.0,0.00010901598351662521,"333,379,305","0.30,0.15,0.13",,,,,,,,"{""best_epoch"": 80, ""dropouts"": [0.30122473218859236, 0.1473385547373891, 0.12542010073561682], ""layer_sizes"": [333, 379, 305], ""learning_rate"": 0.00010901598351662521, ""max_epochs"": 100}",{}
55,0f86d7ac-1e9e-463d-aa30-d994b90ea1f0,dataset/curated_logP_model_0f86d7ac-1e9e-463d-aa30-d994b90ea1f0.tar.gz,1.6.0,NN,/home/jupyter/AMPL/atomsci/logP/dataset/curated_logP.csv,rdkit_raw,scaffold,train_valid_test,r2,normalization,0.6567855435085936,0.8519331685564526,0.7057465536446238,0.48988410554602635,972,0.6567855435085936,0.9350231883779049,0.7097559505612809,208,0.761674140082368,0.9035733985862633,0.6873833812402284,209,,,,100.0,18.0,0.00026802336261443283,"175,422,442","0.31,0.00,0.17",,,,,,,,"{""best_epoch"": 18, ""dropouts"": [0.3142493413863715, 0.0011116976059931895, 0.17439459173456298], ""layer_sizes"": [175, 422, 442], ""learning_rate"": 0.00026802336261443283, ""max_epochs"": 100}",{}
40,a875e6e5-bf37-43ae-957a-db72ed711824,dataset/curated_logP_model_a875e6e5-bf37-43ae-957a-db72ed711824.tar.gz,1.6.0,NN,/home/jupyter/AMPL/atomsci/logP/dataset/curated_logP.csv,rdkit_raw,scaffold,train_valid_test,r2,normalization,0.6531279711155242,0.8930997990653549,0.5996655990228528,0.4020942447424349,972,0.6531279711155242,0.9399921688728217,0.6844183603132965,208,0.7709952741993576,0.8857273895588252,0.6769354259397754,209,,,,100.0,47.0,0.0002611822707458197,"309,197,100","0.18,0.01,0.40",,,,,,,,"{""best_epoch"": 47, ""dropouts"": [0.1763884187744004, 0.011530985926099024, 0.3982181444076006], ""layer_sizes"": [309, 197, 100], ""learning_rate"": 0.0002611822707458197, ""max_epochs"": 100}",{}
12,db27115a-5a36-4a92-ad7e-2e10719df799,dataset/curated_logP_model_db27115a-5a36-4a92-ad7e-2e10719df799.tar.gz,1.6.0,RF,/home/jupyter/AMPL/atomsci/logP/dataset/curated_logP.csv,rdkit_raw,scaffold,train_valid_test,r2,normalization,0.65112134460018,0.9741916779782339,0.29464546366582317,0.20741067901234558,972,0.65112134460018,0.9427071372441483,0.7383729326923075,208,0.733154234673463,0.9561103289922883,0.7355947368421053,209,500.0,32.0,,,,,,,,,,,,,,"{""rf_estimators"": 500, ""rf_max_depth"": null, ""rf_max_features"": 32}",{}
3,1c45cfdb-07f0-4e19-96ca-b6dd2f6f048b,dataset/curated_logP_model_1c45cfdb-07f0-4e19-96ca-b6dd2f6f048b.tar.gz,1.6.0,RF,/home/jupyter/AMPL/atomsci/logP/dataset/curated_logP.csv,rdkit_raw,scaffold,train_valid_test,r2,normalization,0.6497273611038659,0.9733145095433604,0.2996108034576854,0.20968956790123452,972,0.6497273611038659,0.9445886053569523,0.7406787499999999,208,0.7306153047999759,0.9606480630215634,0.734887894736842,209,500.0,32.0,,,,,,,,,,,,,,"{""rf_estimators"": 500, ""rf_max_depth"": null, ""rf_max_features"": 32}",{}
54,5caacb38-0872-4432-b2b0-b07af04036e3,dataset/curated_logP_model_5caacb38-0872-4432-b2b0-b07af04036e3.tar.gz,1.6.0,NN,/home/jupyter/AMPL/atomsci/logP/dataset/curated_logP.csv,rdkit_raw,scaffold,train_valid_test,r2,normalization,0.6484440182125654,0.8696090938458743,0.6622828764839949,0.46281191164318386,972,0.6484440182125654,0.9463174340059447,0.7132010544900234,208,0.7734624407237655,0.880943308135175,0.6765713761271762,209,,,,100.0,12.0,0.000361046580894314,"308,298,370","0.06,0.03,0.36",,,,,,,,"{""best_epoch"": 12, ""dropouts"": [0.05957405252670274, 0.027801346272768826, 0.35739608885657026], ""layer_sizes"": [308, 298, 370], ""learning_rate"": 0.000361046580894314, ""max_epochs"": 100}",{}
14,f88748be-5436-40d0-80f2-c0ddafc288f7,dataset/curated_logP_model_f88748be-5436-40d0-80f2-c0ddafc288f7.tar.gz,1.6.0,RF,/home/jupyter/AMPL/atomsci/logP/dataset/curated_logP.csv,rdkit_raw,scaffold,train_valid_test,r2,normalization,0.6483371054264805,0.9735139541173574,0.29848907364696897,0.2096266049382715,972,0.6483371054264805,0.9464613168407684,0.7423134615384613,208,0.7300464681413971,0.9616617873983064,0.7403871291866031,209,500.0,32.0,,,,,,,,,,,,,,"{""rf_estimators"": 500, ""rf_max_depth"": null, ""rf_max_features"": 32}",{}
42,2f45a95c-2639-4512-b7fc-e14287cb4272,dataset/curated_logP_model_2f45a95c-2639-4512-b7fc-e14287cb4272.tar.gz,1.6.0,NN,/home/jupyter/AMPL/atomsci/logP/dataset/curated_logP.csv,rdkit_raw,scaffold,train_valid_test,r2,normalization,0.6482797622219755,0.8568658507120801,0.6938914004468834,0.4790349915705125,972,0.6482797622219755,0.946538480103343,0.7113229323447195,208,0.7486133752134649,0.9280020505522706,0.6995393015905733,209,,,,100.0,86.0,7.7067889866443e-05,"53,492,190","0.28,0.11,0.30",,,,,,,,"{""best_epoch"": 86, ""dropouts"": [0.27701369920180907, 0.10684683821314961, 0.30010081825351975], ""layer_sizes"": [53, 492, 190], ""learning_rate"": 7.7067889866443e-05, ""max_epochs"": 100}",{}
26,bc2b1bec-3518-4410-89c8-4770be7b715d,dataset/curated_logP_model_bc2b1bec-3518-4410-89c8-4770be7b715d.tar.gz,1.6.0,RF,/home/jupyter/AMPL/atomsci/logP/dataset/curated_logP.csv,rdkit_raw,scaffold,train_valid_test,r2,normalization,0.6481358813688863,0.9739116698816394,0.2962395336176178,0.20739386831275725,972,0.6481358813688863,0.9467320641287688,0.7409476442307691,208,0.7300009305456079,0.9617428937999185,0.7414329665071772,209,500.0,32.0,,,,,,,,,,,,,,"{""rf_estimators"": 500, ""rf_max_depth"": null, ""rf_max_features"": 32}",{}
22,3987a898-93a9-4a17-b4f0-ccf19567d2d7,dataset/curated_logP_model_3987a898-93a9-4a17-b4f0-ccf19567d2d7.tar.gz,1.6.0,RF,/home/jupyter/AMPL/atomsci/logP/dataset/curated_logP.csv,rdkit_raw,scaffold,train_valid_test,r2,normalization,0.6473496299120458,0.9728760364927536,0.3020622481247555,0.21081811148042798,972,0.6473496299120458,0.9477892252031105,0.7493419581772092,208,0.7287154594693115,0.9640296140174953,0.7402577040291513,209,134.0,38.0,20.0,,,,,,,,,,,,,"{""rf_estimators"": 134, ""rf_max_depth"": 20, ""rf_max_features"": 38}",{}
9,876d21eb-526f-4551-a51f-1d7ef6ac8e9d,dataset/curated_logP_model_876d21eb-526f-4551-a51f-1d7ef6ac8e9d.tar.gz,1.6.0,RF,/home/jupyter/AMPL/atomsci/logP/dataset/curated_logP.csv,rdkit_raw,scaffold,train_valid_test,r2,normalization,0.6466276503937815,0.9740166329571489,0.29564299195756627,0.20642343621399176,972,0.6466276503937815,0.9487589314492947,0.7414160576923076,208,0.7304612526717333,0.9609227050663137,0.7372301435406698,209,500.0,32.0,,,,,,,,,,,,,,"{""rf_estimators"": 500, ""rf_max_depth"": null, ""rf_max_features"": 32}",{}
0,f4abec5b-3401-442e-9cc9-f7e19713902b,dataset/curated_logP_model_f4abec5b-3401-442e-9cc9-f7e19713902b.tar.gz,1.6.0,RF,/home/jupyter/AMPL/atomsci/logP/dataset/curated_logP.csv,rdkit_raw,scaffold,train_valid_test,r2,normalization,0.6465648096866966,0.9737100544603046,0.29738202736097763,0.20935771604938266,972,0.6465648096866966,0.9488432872736818,0.7450806249999999,208,0.7297060639143329,0.9622679113562073,0.738703349282297,209,500.0,32.0,,,,,,,,,,,,,,"{""rf_estimators"": 500, ""rf_max_depth"": null, ""rf_max_features"": 32}",{}
1,3ee0b697-58da-4542-b101-7a64bdadfd20,dataset/curated_logP_model_3ee0b697-58da-4542-b101-7a64bdadfd20.tar.gz,1.6.0,RF,/home/jupyter/AMPL/atomsci/logP/dataset/curated_logP.csv,rdkit_raw,scaffold,train_valid_test,r2,normalization,0.6460316307155161,0.9724556429780615,0.3043940745989088,0.21235603909465015,972,0.6460316307155161,0.9495587121220188,0.7461217788461538,208,0.7271616520641702,0.9667864567164927,0.7437746889952155,209,500.0,32.0,,,,,,,,,,,,,,"{""rf_estimators"": 500, ""rf_max_depth"": null, ""rf_max_features"": 32}",{}
15,62825ca2-d437-4f57-ad12-6a351ea1df91,dataset/curated_logP_model_62825ca2-d437-4f57-ad12-6a351ea1df91.tar.gz,1.6.0,RF,/home/jupyter/AMPL/atomsci/logP/dataset/curated_logP.csv,rdkit_raw,scaffold,train_valid_test,r2,normalization,0.6458051376096109,0.97418529369267,0.29468190509854203,0.2072835752442663,972,0.6458051376096109,0.9498624597556151,0.7406583949057138,208,0.7436389019138938,0.9371387886745832,0.7168562284106679,209,362.0,49.0,19.0,,,,,,,,,,,,,"{""rf_estimators"": 362, ""rf_max_depth"": 19, ""rf_max_features"": 49}",{}
30,0396ea93-be47-420d-8794-0d627295e4b4,dataset/curated_logP_model_0396ea93-be47-420d-8794-0d627295e4b4.tar.gz,1.6.0,RF,/home/jupyter/AMPL/atomsci/logP/dataset/curated_logP.csv,rdkit_raw,scaffold,train_valid_test,r2,normalization,0.6457403455193618,0.9733118134212309,0.29962593840370455,0.20917575102880662,972,0.6457403455193618,0.9499493339123306,0.7458869711538461,208,0.7346642558213907,0.9534012826726813,0.7359171291866029,209,500.0,32.0,,,,,,,,,,,,,,"{""rf_estimators"": 500, ""rf_max_depth"": null, ""rf_max_features"": 32}",{}
5,088a7604-1ad1-4aee-98d6-4b23fb74a3c6,dataset/curated_logP_model_088a7604-1ad1-4aee-98d6-4b23fb74a3c6.tar.gz,1.6.0,RF,/home/jupyter/AMPL/atomsci/logP/dataset/curated_logP.csv,rdkit_raw,scaffold,train_valid_test,r2,normalization,0.6447737410691232,0.9739098647948953,0.29624978204676766,0.20855656378600818,972,0.6447737410691232,0.9512444288323665,0.7423620192307692,208,0.7318285929347241,0.9584822788100066,0.7349099043062203,209,500.0,32.0,,,,,,,,,,,,,,"{""rf_estimators"": 500, ""rf_max_depth"": null, ""rf_max_features"": 32}",{}
21,d36be7c2-4fbd-4a43-9957-5f369bd4879b,dataset/curated_logP_model_d36be7c2-4fbd-4a43-9957-5f369bd4879b.tar.gz,1.6.0,RF,/home/jupyter/AMPL/atomsci/logP/dataset/curated_logP.csv,rdkit_raw,scaffold,train_valid_test,r2,normalization,0.6446568178302234,0.9738170914098264,0.2967760289538657,0.20956529835390952,972,0.6446568178302234,0.9514009676946351,0.7429863942307691,208,0.7290452537435923,0.9634434616872661,0.7385254545454546,209,500.0,32.0,,,,,,,,,,,,,,"{""rf_estimators"": 500, ""rf_max_depth"": null, ""rf_max_features"": 32}",{}
41,f4a80226-e68b-46ef-9450-6e54c48a7890,dataset/curated_logP_model_f4a80226-e68b-46ef-9450-6e54c48a7890.tar.gz,1.6.0,NN,/home/jupyter/AMPL/atomsci/logP/dataset/curated_logP.csv,rdkit_raw,scaffold,train_valid_test,r2,normalization,0.643870519928802,0.8756947635259001,0.6466430090094946,0.44143882071656976,972,0.643870519928802,0.952453008709572,0.7046601922015192,208,0.7738258431565963,0.880236437642784,0.6781912483871589,209,,,,100.0,52.0,0.00021832577338133175,"71,292,464","0.05,0.26,0.23",,,,,,,,"{""best_epoch"": 52, ""dropouts"": [0.04662204139523594, 0.2630245305404636, 0.2304063974388292], ""layer_sizes"": [71, 292, 464], ""learning_rate"": 0.00021832577338133175, ""max_epochs"": 100}",{}
53,976e6019-233b-4f82-a5f0-13278b52f425,dataset/curated_logP_model_976e6019-233b-4f82-a5f0-13278b52f425.tar.gz,1.6.0,NN,/home/jupyter/AMPL/atomsci/logP/dataset/curated_logP.csv,rdkit_raw,scaffold,train_valid_test,r2,normalization,0.643603032045174,0.8698219000775272,0.6617422119573286,0.46101672711323816,972,0.643603032045174,0.9528106340011732,0.7189369646330791,208,0.7753817047148998,0.8772036211453607,0.672966648358046,209,,,,100.0,11.0,0.0006512872420318138,"123,482,419","0.25,0.31,0.26",,,,,,,,"{""best_epoch"": 11, ""dropouts"": [0.24973705913310376, 0.307049194015538, 0.26249482688443343], ""layer_sizes"": [123, 482, 419], ""learning_rate"": 0.0006512872420318138, ""max_epochs"": 100}",{}
46,1659eccb-94d3-4123-ab64-92940773bdc4,dataset/curated_logP_model_1659eccb-94d3-4123-ab64-92940773bdc4.tar.gz,1.6.0,NN,/home/jupyter/AMPL/atomsci/logP/dataset/curated_logP.csv,rdkit_raw,scaffold,train_valid_test,r2,normalization,0.6430501986949504,0.8749957006600507,0.6484587424481703,0.4541210381602595,972,0.6430501986949504,0.9535493347088047,0.7065010358917516,208,0.7549785155514044,0.9161781619275998,0.7064022743024473,209,,,,100.0,14.0,0.002607033685785874,"81,228,366","0.01,0.34,0.06",,,,,,,,"{""best_epoch"": 14, ""dropouts"": [0.012656324820333032, 0.337645001055894, 0.06375438879337651], ""layer_sizes"": [81, 228, 366], ""learning_rate"": 0.002607033685785874, ""max_epochs"": 100}",{}
13,64be466b-a1c6-42e6-b1c8-4de49a4224a9,dataset/curated_logP_model_64be466b-a1c6-42e6-b1c8-4de49a4224a9.tar.gz,1.6.0,RF,/home/jupyter/AMPL/atomsci/logP/dataset/curated_logP.csv,rdkit_raw,scaffold,train_valid_test,r2,normalization,0.6427279987647371,0.9736992665144514,0.29744303570655234,0.2078639917695472,972,0.6427279987647371,0.953979597211173,0.7505005769230769,208,0.7287425357651229,0.9639815040104053,0.7416913397129188,209,500.0,32.0,,,,,,,,,,,,,,"{""rf_estimators"": 500, ""rf_max_depth"": null, ""rf_max_features"": 32}",{}
17,3959a7f0-448f-49a2-869c-4ec06db38b75,dataset/curated_logP_model_3959a7f0-448f-49a2-869c-4ec06db38b75.tar.gz,1.6.0,RF,/home/jupyter/AMPL/atomsci/logP/dataset/curated_logP.csv,rdkit_raw,scaffold,train_valid_test,r2,normalization,0.6423280096626871,0.9729980279853664,0.30138221199072207,0.20817000935996394,972,0.6423280096626871,0.9545134687426866,0.7367900229238663,208,0.7513996427956958,0.9228449213261168,0.7068925364107684,209,148.0,64.0,19.0,,,,,,,,,,,,,"{""rf_estimators"": 148, ""rf_max_depth"": 19, ""rf_max_features"": 64}",{}
19,9db8d6a4-a5b8-4d58-ad45-b5e12dc649a0,dataset/curated_logP_model_9db8d6a4-a5b8-4d58-ad45-b5e12dc649a0.tar.gz,1.6.0,RF,/home/jupyter/AMPL/atomsci/logP/dataset/curated_logP.csv,rdkit_raw,scaffold,train_valid_test,r2,normalization,0.6413669815749525,0.9739627196488627,0.29594955023076186,0.20790640946502043,972,0.6413669815749525,0.9557949485934368,0.7506583653846153,208,0.7271215995026763,0.9668574160469949,0.7397769856459332,209,500.0,32.0,,,,,,,,,,,,,,"{""rf_estimators"": 500, ""rf_max_depth"": null, ""rf_max_features"": 32}",{}
64,bf4c66d3-e9f4-4504-babf-0edf62df910e,dataset/curated_logP_model_bf4c66d3-e9f4-4504-babf-0edf62df910e.tar.gz,1.6.0,xgboost,/home/jupyter/AMPL/atomsci/logP/dataset/curated_logP.csv,rdkit_raw,scaffold,train_valid_test,r2,normalization,0.6376917084517995,0.9697581702439186,0.3189509549381691,0.24027060628581204,972,0.6376917084517995,0.9606799610017597,0.747497570906016,208,0.7152043238970947,0.9877443360871198,0.7510718585794025,209,,,,,,,,,0.17888683029152563,0.19084180156090058,6.0,1.0,1.0,100.0,1.0,"{""xgb_colsample_bytree"": 1.0, ""xgb_gamma"": 0.17888683029152563, ""xgb_learning_rate"": 0.19084180156090058, ""xgb_max_depth"": 6, ""xgb_min_child_weight"": 1.0, ""xgb_n_estimators"": 100, ""xgb_subsample"": 1.0}",{}
2,371aff88-136f-456b-a3cd-4a8f026f289c,dataset/curated_logP_model_371aff88-136f-456b-a3cd-4a8f026f289c.tar.gz,1.6.0,RF,/home/jupyter/AMPL/atomsci/logP/dataset/curated_logP.csv,rdkit_raw,scaffold,train_valid_test,r2,normalization,0.6365167427812572,0.9719467801693369,0.3071929412236504,0.21942780100570303,972,0.6365167427812572,0.9622364425050176,0.7352656342635959,208,0.7495517007655448,0.9262685014538862,0.7093856062474994,209,197.0,92.0,14.0,,,,,,,,,,,,,"{""rf_estimators"": 197, ""rf_max_depth"": 14, ""rf_max_features"": 92}",{}
10,9fe1b607-e77c-47e9-a1c0-d3d990a3c0a3,dataset/curated_logP_model_9fe1b607-e77c-47e9-a1c0-d3d990a3c0a3.tar.gz,1.6.0,RF,/home/jupyter/AMPL/atomsci/logP/dataset/curated_logP.csv,rdkit_raw,scaffold,train_valid_test,r2,normalization,0.6351260620475118,0.974292174312601,0.29407123665854934,0.20606525336140016,972,0.6351260620475118,0.9640754352924311,0.7407433644984048,208,0.7492640033327722,0.9268003648860352,0.7094520759376447,209,434.0,84.0,30.0,,,,,,,,,,,,,"{""rf_estimators"": 434, ""rf_max_depth"": 30, ""rf_max_features"": 84}",{}
29,7bace3fe-50fb-46a6-8849-bec65ced81ca,dataset/curated_logP_model_7bace3fe-50fb-46a6-8849-bec65ced81ca.tar.gz,1.6.0,RF,/home/jupyter/AMPL/atomsci/logP/dataset/curated_logP.csv,rdkit_raw,scaffold,train_valid_test,r2,normalization,0.6346020574608596,0.9745664815906708,0.29249813169874095,0.20398759716506626,972,0.6346020574608596,0.9647674533460334,0.74213125,208,0.7511272998426414,0.9233502736075474,0.7084259170653908,209,300.0,83.0,31.0,,,,,,,,,,,,,"{""rf_estimators"": 300, ""rf_max_depth"": 31, ""rf_max_features"": 83}",{}
49,3b331d14-449f-4e49-aadd-2c19561bbcc0,dataset/curated_logP_model_3b331d14-449f-4e49-aadd-2c19561bbcc0.tar.gz,1.6.0,NN,/home/jupyter/AMPL/atomsci/logP/dataset/curated_logP.csv,rdkit_raw,scaffold,train_valid_test,r2,normalization,0.6329829601571387,0.862963652761855,0.6789499513698928,0.4710056649999648,972,0.6329829601571387,0.9669025581729237,0.7306446755214502,208,0.7662241290855086,0.8949065651956387,0.6751490869411787,209,,,,100.0,95.0,1.9378857796838077e-05,"500,403,298","0.13,0.27,0.00",,,,,,,,"{""best_epoch"": 95, ""dropouts"": [0.12898542110604816, 0.26999717843253473, 0.0014206194507653258], ""layer_sizes"": [500, 403, 298], ""learning_rate"": 1.9378857796838077e-05, ""max_epochs"": 100}",{}
39,00bfe5ac-9c49-4239-a315-38c2eb15f11a,dataset/curated_logP_model_00bfe5ac-9c49-4239-a315-38c2eb15f11a.tar.gz,1.6.0,NN,/home/jupyter/AMPL/atomsci/logP/dataset/curated_logP.csv,rdkit_raw,scaffold,train_valid_test,r2,normalization,0.6307359202369318,0.8480566273146455,0.7149254472667983,0.5015703865119892,972,0.6307359202369318,0.9698579431339205,0.731971300813718,208,0.7502117774551473,0.925047068460169,0.6970241283692638,209,,,,100.0,78.0,2.1667729314254673e-05,"419,111,497","0.29,0.19,0.17",,,,,,,,"{""best_epoch"": 78, ""dropouts"": [0.2944587937184286, 0.1929280924832785, 0.17447266904752162], ""layer_sizes"": [419, 111, 497], ""learning_rate"": 2.1667729314254673e-05, ""max_epochs"": 100}",{}
23,1c9f301a-999c-4a81-aa44-af31bc85d3df,dataset/curated_logP_model_1c9f301a-999c-4a81-aa44-af31bc85d3df.tar.gz,1.6.0,RF,/home/jupyter/AMPL/atomsci/logP/dataset/curated_logP.csv,rdkit_raw,scaffold,train_valid_test,r2,normalization,0.6303997515300184,0.970900352961238,0.31286986536271505,0.221888778225753,972,0.6303997515300184,0.9702993098123233,0.7574876917273018,208,0.7091053445487496,0.9982647213128558,0.7699635455203144,209,194.0,19.0,25.0,,,,,,,,,,,,,"{""rf_estimators"": 194, ""rf_max_depth"": 25, ""rf_max_features"": 19}",{}
35,8a872aff-8050-4324-8d24-dcd9604cb155,dataset/curated_logP_model_8a872aff-8050-4324-8d24-dcd9604cb155.tar.gz,1.6.0,NN,/home/jupyter/AMPL/atomsci/logP/dataset/curated_logP.csv,rdkit_raw,scaffold,train_valid_test,r2,normalization,0.6300597384111166,0.8945432395495909,0.5956032894554167,0.4193102419473678,972,0.6300597384111166,0.9707455198118763,0.7320392810903316,208,0.6898389041289218,1.0307931256601404,0.7799989179665375,209,,,,100.0,42.0,0.004259189529097814,"385,32,269","0.11,0.12,0.10",,,,,,,,"{""best_epoch"": 42, ""dropouts"": [0.10650569607397253, 0.11530953790599084, 0.10377933962224271], ""layer_sizes"": [385, 32, 269], ""learning_rate"": 0.004259189529097814, ""max_epochs"": 100}",{}
43,d052a0ad-578a-4624-86b0-59578391c642,dataset/curated_logP_model_d052a0ad-578a-4624-86b0-59578391c642.tar.gz,1.6.0,NN,/home/jupyter/AMPL/atomsci/logP/dataset/curated_logP.csv,rdkit_raw,scaffold,train_valid_test,r2,normalization,0.6291666727841356,0.8414172706879975,0.7303782278939922,0.5088767530507673,972,0.6291666727841356,0.9719165424895893,0.7219113898113532,208,0.7313713445164415,0.9592990658287599,0.7168837032087886,209,,,,100.0,98.0,5.4527914461390524e-05,"28,327,357","0.25,0.06,0.04",,,,,,,,"{""best_epoch"": 98, ""dropouts"": [0.24996021117969117, 0.05581682538265014, 0.04149955483607318], ""layer_sizes"": [28, 327, 357], ""learning_rate"": 5.4527914461390524e-05, ""max_epochs"": 100}",{}
57,3731d9d3-7a48-44d5-8af3-e40c113cd9bc,dataset/curated_logP_model_3731d9d3-7a48-44d5-8af3-e40c113cd9bc.tar.gz,1.6.0,NN,/home/jupyter/AMPL/atomsci/logP/dataset/curated_logP.csv,rdkit_raw,scaffold,train_valid_test,r2,normalization,0.6278865433326972,0.8822094120733666,0.6294701921157333,0.44926589394383537,972,0.6278865433326972,0.9735926419812453,0.7148722039083565,208,0.7501903597457806,0.9250867259836172,0.7079439976528941,209,,,,100.0,13.0,0.0019528342227647846,"301,212,296","0.20,0.10,0.37",,,,,,,,"{""best_epoch"": 13, ""dropouts"": [0.1952160589729508, 0.09966383512111779, 0.37071347477826233], ""layer_sizes"": [301, 212, 296], ""learning_rate"": 0.0019528342227647846, ""max_epochs"": 100}",{}
51,7451c97d-27fa-4b07-a5ba-727f3724508d,dataset/curated_logP_model_7451c97d-27fa-4b07-a5ba-727f3724508d.tar.gz,1.6.0,NN,/home/jupyter/AMPL/atomsci/logP/dataset/curated_logP.csv,rdkit_raw,scaffold,train_valid_test,r2,normalization,0.6268134097499518,0.840924463041621,0.7315121999812895,0.5138870211233798,972,0.6268134097499518,0.9749954974243722,0.733438568204994,208,0.749612022573537,0.9261569463831009,0.7020005864232532,209,,,,100.0,22.0,0.00011881409328876508,"108,136,250","0.20,0.15,0.12",,,,,,,,"{""best_epoch"": 22, ""dropouts"": [0.19518791021361143, 0.14597259532622503, 0.11594786619725715], ""layer_sizes"": [108, 136, 250], ""learning_rate"": 0.00011881409328876508, ""max_epochs"": 100}",{}
52,32b9c9fb-b0ed-4c2b-89b7-8a05032f5153,dataset/curated_logP_model_32b9c9fb-b0ed-4c2b-89b7-8a05032f5153.tar.gz,1.6.0,NN,/home/jupyter/AMPL/atomsci/logP/dataset/curated_logP.csv,rdkit_raw,scaffold,train_valid_test,r2,normalization,0.6240759671804347,0.8397142681785202,0.7342894810833019,0.5183485905841474,972,0.6240759671804347,0.9785649150267572,0.747858194811527,208,0.7510594146449828,0.923476196502934,0.698202824405065,209,,,,100.0,84.0,2.5327305791615394e-05,"286,167,234","0.18,0.37,0.36",,,,,,,,"{""best_epoch"": 84, ""dropouts"": [0.18398385614683438, 0.36798618249598103, 0.36442801185287527], ""layer_sizes"": [286, 167, 234], ""learning_rate"": 2.5327305791615394e-05, ""max_epochs"": 100}",{}
4,f8177c6a-4095-4f64-b6b8-7130c9dfe5a7,dataset/curated_logP_model_f8177c6a-4095-4f64-b6b8-7130c9dfe5a7.tar.gz,1.6.0,RF,/home/jupyter/AMPL/atomsci/logP/dataset/curated_logP.csv,rdkit_raw,scaffold,train_valid_test,r2,normalization,0.6224153076265102,0.9040021456953298,0.5682646459376858,0.4372457391936889,972,0.6224153076265102,0.9807239581993276,0.773499571861929,208,0.6919388340742418,1.0272977330177664,0.7948687308099488,209,293.0,20.0,8.0,,,,,,,,,,,,,"{""rf_estimators"": 293, ""rf_max_depth"": 8, ""rf_max_features"": 20}",{}
45,cbee119d-f185-4b0c-922b-7473c3b4fe3c,dataset/curated_logP_model_cbee119d-f185-4b0c-922b-7473c3b4fe3c.tar.gz,1.6.0,NN,/home/jupyter/AMPL/atomsci/logP/dataset/curated_logP.csv,rdkit_raw,scaffold,train_valid_test,r2,normalization,0.6222332905541174,0.832432519888885,0.7507835423206081,0.5329196200607237,972,0.6222332905541174,0.9809603117905871,0.7380008231365383,208,0.7421737692599442,0.9398129004597048,0.7069590907249698,209,,,,100.0,84.0,1.4411974375865362e-05,"408,123,386","0.17,0.26,0.29",,,,,,,,"{""best_epoch"": 84, ""dropouts"": [0.17377809075748743, 0.26343334913264543, 0.2912121887829755], ""layer_sizes"": [408, 123, 386], ""learning_rate"": 1.4411974375865362e-05, ""max_epochs"": 100}",{}
11,dc7e5d36-95fe-4d0a-be8a-c063f434c64d,dataset/curated_logP_model_dc7e5d36-95fe-4d0a-be8a-c063f434c64d.tar.gz,1.6.0,RF,/home/jupyter/AMPL/atomsci/logP/dataset/curated_logP.csv,rdkit_raw,scaffold,train_valid_test,r2,normalization,0.6218538237781033,0.9734177025355638,0.29903094371955663,0.2080163929028964,972,0.6218538237781033,0.9814528755942067,0.7459498900397065,208,0.7400072860988748,0.9437532083199547,0.7368655165638093,209,99.0,93.0,22.0,,,,,,,,,,,,,"{""rf_estimators"": 99, ""rf_max_depth"": 22, ""rf_max_features"": 93}",{}
25,50bd229c-3c57-463a-bc5e-168a4cdd1c4b,dataset/curated_logP_model_50bd229c-3c57-463a-bc5e-168a4cdd1c4b.tar.gz,1.6.0,RF,/home/jupyter/AMPL/atomsci/logP/dataset/curated_logP.csv,rdkit_raw,scaffold,train_valid_test,r2,normalization,0.6186183754374373,0.9343832606405493,0.46981534490578625,0.3574273540817414,972,0.6186183754374373,0.9856426266109164,0.7702078034139486,208,0.7245343663128112,0.9714301198990539,0.7509703886330651,209,60.0,29.0,9.0,,,,,,,,,,,,,"{""rf_estimators"": 60, ""rf_max_depth"": 9, ""rf_max_features"": 29}",{}
63,1a6330a9-1a6c-4b9a-b159-6794af868012,dataset/curated_logP_model_1a6330a9-1a6c-4b9a-b159-6794af868012.tar.gz,1.6.0,xgboost,/home/jupyter/AMPL/atomsci/logP/dataset/curated_logP.csv,rdkit_raw,scaffold,train_valid_test,r2,normalization,0.6177376361639806,0.9788908536665919,0.26647422629311585,0.20169463306587596,972,0.6177376361639806,0.9867800615474884,0.7584236685815982,208,0.7376792665583728,0.9479690563824268,0.71770300181972,209,,,,,,,,,0.10721583216397955,0.14637399708644222,6.0,1.0,1.0,100.0,1.0,"{""xgb_colsample_bytree"": 1.0, ""xgb_gamma"": 0.10721583216397955, ""xgb_learning_rate"": 0.14637399708644222, ""xgb_max_depth"": 6, ""xgb_min_child_weight"": 1.0, ""xgb_n_estimators"": 100, ""xgb_subsample"": 1.0}",{}
18,407700cc-7c37-42ec-ad73-353fb0bf58dd,dataset/curated_logP_model_407700cc-7c37-42ec-ad73-353fb0bf58dd.tar.gz,1.6.0,RF,/home/jupyter/AMPL/atomsci/logP/dataset/curated_logP.csv,rdkit_raw,scaffold,train_valid_test,r2,normalization,0.6150882674311607,0.9748852097628142,0.2906595870842052,0.20541785603495397,972,0.6150882674311607,0.9901937248713399,0.75366392152674,208,0.7453067069120183,0.9340854488547312,0.7185013097573302,209,137.0,119.0,19.0,,,,,,,,,,,,,"{""rf_estimators"": 137, ""rf_max_depth"": 19, ""rf_max_features"": 119}",{}
31,d922a48b-b1d8-4e67-9008-e66547766e10,dataset/curated_logP_model_d922a48b-b1d8-4e67-9008-e66547766e10.tar.gz,1.6.0,RF,/home/jupyter/AMPL/atomsci/logP/dataset/curated_logP.csv,rdkit_raw,scaffold,train_valid_test,r2,normalization,0.6130700891270677,0.9242514821437254,0.5047855850313145,0.3885174415917061,972,0.6130700891270677,0.9927862346213074,0.7793992622439336,208,0.6909862706679555,1.0288847732571336,0.8015137119917308,209,43.0,18.0,9.0,,,,,,,,,,,,,"{""rf_estimators"": 43, ""rf_max_depth"": 9, ""rf_max_features"": 18}",{}
71,5ce73d59-b9c1-4390-9d29-0b405c1d0314,dataset/curated_logP_model_5ce73d59-b9c1-4390-9d29-0b405c1d0314.tar.gz,1.6.0,xgboost,/home/jupyter/AMPL/atomsci/logP/dataset/curated_logP.csv,rdkit_raw,scaffold,train_valid_test,r2,normalization,0.6124837590831897,0.977695099659746,0.273917650695386,0.20885532333746804,972,0.6124837590831897,0.9935381538025315,0.7727664157449439,208,0.712823424295217,0.9918645275453719,0.7551647639842239,209,,,,,,,,,0.11698559887278555,0.3129956096824496,6.0,1.0,1.0,100.0,1.0,"{""xgb_colsample_bytree"": 1.0, ""xgb_gamma"": 0.11698559887278555, ""xgb_learning_rate"": 0.3129956096824496, ""xgb_max_depth"": 6, ""xgb_min_child_weight"": 1.0, ""xgb_n_estimators"": 100, ""xgb_subsample"": 1.0}",{}
37,ac3d2522-675b-401f-8abb-39cc23d239a0,dataset/curated_logP_model_ac3d2522-675b-401f-8abb-39cc23d239a0.tar.gz,1.6.0,NN,/home/jupyter/AMPL/atomsci/logP/dataset/curated_logP.csv,rdkit_raw,scaffold,train_valid_test,r2,normalization,0.6108156932146409,0.833908016919628,0.7474707626306161,0.5269630239691196,972,0.6108156932146409,0.9956742029359277,0.7374919270863411,208,0.7349957708417292,0.9528054985781772,0.7138111792890949,209,,,,100.0,99.0,8.23407925784889e-06,"377,389,345","0.07,0.14,0.07",,,,,,,,"{""best_epoch"": 99, ""dropouts"": [0.06736959804425582, 0.13784891282430226, 0.06721620854454989], ""layer_sizes"": [377, 389, 345], ""learning_rate"": 8.23407925784889e-06, ""max_epochs"": 100}",{}
66,7f9e900e-d829-4662-b643-6df8e371667e,dataset/curated_logP_model_7f9e900e-d829-4662-b643-6df8e371667e.tar.gz,1.6.0,xgboost,/home/jupyter/AMPL/atomsci/logP/dataset/curated_logP.csv,rdkit_raw,scaffold,train_valid_test,r2,normalization,0.6090331878290329,0.9890383162612305,0.19202532489142668,0.14392328211321456,972,0.6090331878290329,0.9979517447737954,0.789813563667477,208,0.7161905562738173,0.9860325996687923,0.7537040135840116,209,,,,,,,,,0.03270806822918866,0.3620246493296287,6.0,1.0,1.0,100.0,1.0,"{""xgb_colsample_bytree"": 1.0, ""xgb_gamma"": 0.03270806822918866, ""xgb_learning_rate"": 0.3620246493296287, ""xgb_max_depth"": 6, ""xgb_min_child_weight"": 1.0, ""xgb_n_estimators"": 100, ""xgb_subsample"": 1.0}",{}
28,de0af0c6-323a-4f4b-9b85-d0dae53cd426,dataset/curated_logP_model_de0af0c6-323a-4f4b-9b85-d0dae53cd426.tar.gz,1.6.0,RF,/home/jupyter/AMPL/atomsci/logP/dataset/curated_logP.csv,rdkit_raw,scaffold,train_valid_test,r2,normalization,0.6084067658392895,0.9687184949712376,0.32438718918738135,0.23783251107727743,972,0.6084067658392895,0.9987509030312294,0.7542911699333293,208,0.7427368521110786,0.9387860813961029,0.7134467848371862,209,356.0,144.0,12.0,,,,,,,,,,,,,"{""rf_estimators"": 356, ""rf_max_depth"": 12, ""rf_max_features"": 144}",{}
20,88520503-11db-41c7-afe1-f8780436dfa3,dataset/curated_logP_model_88520503-11db-41c7-afe1-f8780436dfa3.tar.gz,1.6.0,RF,/home/jupyter/AMPL/atomsci/logP/dataset/curated_logP.csv,rdkit_raw,scaffold,train_valid_test,r2,normalization,0.6073845871996733,0.9667991477720472,0.33419080041573573,0.2373502206949413,972,0.6073845871996733,1.0000535768284489,0.7804595209702073,208,0.694826060086011,1.022472355069383,0.7962283846950685,209,51.0,16.0,19.0,,,,,,,,,,,,,"{""rf_estimators"": 51, ""rf_max_depth"": 19, ""rf_max_features"": 16}",{}
60,4e8886a9-59db-4803-80c3-f5f68093418b,dataset/curated_logP_model_4e8886a9-59db-4803-80c3-f5f68093418b.tar.gz,1.6.0,xgboost,/home/jupyter/AMPL/atomsci/logP/dataset/curated_logP.csv,rdkit_raw,scaffold,train_valid_test,r2,normalization,0.605213502203092,0.9783378002298052,0.26994242993642775,0.20567328922792436,972,0.605213502203092,1.0028148133191404,0.7730617006283721,208,0.7137600655076751,0.9902456978377542,0.7692069242763006,209,,,,,,,,,0.10503838146049559,0.2980023546836227,6.0,1.0,1.0,100.0,1.0,"{""xgb_colsample_bytree"": 1.0, ""xgb_gamma"": 0.10503838146049559, ""xgb_learning_rate"": 0.2980023546836227, ""xgb_max_depth"": 6, ""xgb_min_child_weight"": 1.0, ""xgb_n_estimators"": 100, ""xgb_subsample"": 1.0}",{}
8,6471ab06-3264-4d61-8fe1-403d82dadeef,dataset/curated_logP_model_6471ab06-3264-4d61-8fe1-403d82dadeef.tar.gz,1.6.0,RF,/home/jupyter/AMPL/atomsci/logP/dataset/curated_logP.csv,rdkit_raw,scaffold,train_valid_test,r2,normalization,0.6047865198232925,0.9731689275682169,0.3004269511919302,0.2069959208500205,972,0.6047865198232925,1.0033569652727805,0.7551734145925361,208,0.7428632137041471,0.9385554982830854,0.713818257864916,209,449.0,156.0,22.0,,,,,,,,,,,,,"{""rf_estimators"": 449, ""rf_max_depth"": 22, ""rf_max_features"": 156}",{}
16,d41d8b2f-6b2c-46d3-bb3a-1831a7054717,dataset/curated_logP_model_d41d8b2f-6b2c-46d3-bb3a-1831a7054717.tar.gz,1.6.0,RF,/home/jupyter/AMPL/atomsci/logP/dataset/curated_logP.csv,rdkit_raw,scaffold,train_valid_test,r2,normalization,0.6030006632903342,0.9731889668047031,0.30031474078266407,0.21130771372264193,972,0.6030006632903342,1.0056213515166752,0.7604839570720543,208,0.7425275283175552,0.9391679283663646,0.7142574201355568,209,454.0,137.0,16.0,,,,,,,,,,,,,"{""rf_estimators"": 454, ""rf_max_depth"": 16, ""rf_max_features"": 137}",{}
24,afeb57d3-9818-434a-859e-77f1957b9650,dataset/curated_logP_model_afeb57d3-9818-434a-859e-77f1957b9650.tar.gz,1.6.0,RF,/home/jupyter/AMPL/atomsci/logP/dataset/curated_logP.csv,rdkit_raw,scaffold,train_valid_test,r2,normalization,0.6028418654585611,0.9676113164076076,0.33007795737126533,0.22236748971193415,972,0.6028418654585611,1.0058224532689655,0.7810817307692308,208,0.7305062211161943,0.9608425440465054,0.7339282296650718,209,25.0,124.0,31.0,,,,,,,,,,,,,"{""rf_estimators"": 25, ""rf_max_depth"": 31, ""rf_max_features"": 124}",{}
7,317433f2-79ec-464c-b15d-b4de159ec3f6,dataset/curated_logP_model_317433f2-79ec-464c-b15d-b4de159ec3f6.tar.gz,1.6.0,RF,/home/jupyter/AMPL/atomsci/logP/dataset/curated_logP.csv,rdkit_raw,scaffold,train_valid_test,r2,normalization,0.600230123780523,0.9173057599483647,0.5274211056903133,0.4052075253349481,972,0.600230123780523,1.009124215946699,0.76347254089004,208,0.7409384775953134,0.9420616161716205,0.7124216586681248,209,444.0,129.0,7.0,,,,,,,,,,,,,"{""rf_estimators"": 444, ""rf_max_depth"": 7, ""rf_max_features"": 129}",{}
70,811dd55a-5514-4f81-8686-db2ba62d6323,dataset/curated_logP_model_811dd55a-5514-4f81-8686-db2ba62d6323.tar.gz,1.6.0,xgboost,/home/jupyter/AMPL/atomsci/logP/dataset/curated_logP.csv,rdkit_raw,scaffold,train_valid_test,r2,normalization,0.5891350449180014,0.9704739309428863,0.3151539031789208,0.23932880102630846,972,0.5891350449180014,1.0230318268215501,0.8074294125823757,208,0.7102821189714319,0.9962435036092933,0.7768978922348139,209,,,,,,,,,0.19738767173639193,0.33450623165803406,6.0,1.0,1.0,100.0,1.0,"{""xgb_colsample_bytree"": 1.0, ""xgb_gamma"": 0.19738767173639193, ""xgb_learning_rate"": 0.33450623165803406, ""xgb_max_depth"": 6, ""xgb_min_child_weight"": 1.0, ""xgb_n_estimators"": 100, ""xgb_subsample"": 1.0}",{}
67,632b9072-5eb3-4d88-ae5d-1e26ea3c6c05,dataset/curated_logP_model_632b9072-5eb3-4d88-ae5d-1e26ea3c6c05.tar.gz,1.6.0,xgboost,/home/jupyter/AMPL/atomsci/logP/dataset/curated_logP.csv,rdkit_raw,scaffold,train_valid_test,r2,normalization,0.583989106735173,0.9699527422954674,0.31792325449188835,0.24133694792953034,972,0.583989106735173,1.0294184473292736,0.819615216673015,208,0.6664407028919495,1.068967194476277,0.8379589424180052,209,,,,,,,,,0.14669786567497653,0.5147761919524859,6.0,1.0,1.0,100.0,1.0,"{""xgb_colsample_bytree"": 1.0, ""xgb_gamma"": 0.14669786567497653, ""xgb_learning_rate"": 0.5147761919524859, ""xgb_max_depth"": 6, ""xgb_min_child_weight"": 1.0, ""xgb_n_estimators"": 100, ""xgb_subsample"": 1.0}",{}
27,f7123e55-84db-4b9c-a7be-cf508d6268d0,dataset/curated_logP_model_f7123e55-84db-4b9c-a7be-cf508d6268d0.tar.gz,1.6.0,RF,/home/jupyter/AMPL/atomsci/logP/dataset/curated_logP.csv,rdkit_raw,scaffold,train_valid_test,r2,normalization,0.5820781547312792,0.9192210904612876,0.521277365498811,0.40151919014745324,972,0.5820781547312792,1.0317800626081037,0.7754080878214368,208,0.7283552779249729,0.9646693675747575,0.7273577773514709,209,339.0,171.0,7.0,,,,,,,,,,,,,"{""rf_estimators"": 339, ""rf_max_depth"": 7, ""rf_max_features"": 171}",{}
34,6af12b78-f997-4c03-a110-9a5df9168230,dataset/curated_logP_model_6af12b78-f997-4c03-a110-9a5df9168230.tar.gz,1.6.0,NN,/home/jupyter/AMPL/atomsci/logP/dataset/curated_logP.csv,rdkit_raw,scaffold,train_valid_test,r2,normalization,0.5433904965169942,0.730747387055409,0.9516994929597624,0.706059016868649,972,0.5433904965169942,1.078479932109002,0.795348485489648,208,0.6637551350098136,1.0732618263267653,0.7964790207596281,209,,,,100.0,99.0,4.77263786032264e-06,"173,405,265","0.14,0.09,0.09",,,,,,,,"{""best_epoch"": 99, ""dropouts"": [0.14046254336153438, 0.0883888969776642, 0.09039149462798268], ""layer_sizes"": [173, 405, 265], ""learning_rate"": 4.77263786032264e-06, ""max_epochs"": 100}",{}
59,fe19227e-1f25-4566-8e26-b0370557b14d,dataset/curated_logP_model_fe19227e-1f25-4566-8e26-b0370557b14d.tar.gz,1.6.0,xgboost,/home/jupyter/AMPL/atomsci/logP/dataset/curated_logP.csv,rdkit_raw,scaffold,train_valid_test,r2,normalization,0.5132857917063012,0.9704335648246236,0.31536925854262654,0.2402054781361945,972,0.5132857917063012,1.1134650954081535,0.8599209994247711,208,0.6095862310682121,1.156486094554342,0.8993735587835155,209,,,,,,,,,0.1478743963850994,0.7770585922865707,6.0,1.0,1.0,100.0,1.0,"{""xgb_colsample_bytree"": 1.0, ""xgb_gamma"": 0.1478743963850994, ""xgb_learning_rate"": 0.7770585922865707, ""xgb_max_depth"": 6, ""xgb_min_child_weight"": 1.0, ""xgb_n_estimators"": 100, ""xgb_subsample"": 1.0}",{}
69,2cd9cce0-27f9-40a3-acc1-d729a22beea9,dataset/curated_logP_model_2cd9cce0-27f9-40a3-acc1-d729a22beea9.tar.gz,1.6.0,xgboost,/home/jupyter/AMPL/atomsci/logP/dataset/curated_logP.csv,rdkit_raw,scaffold,train_valid_test,r2,normalization,0.45162665820816883,0.9848292720678256,0.2259035649937628,0.17479377876617638,972,0.45162665820816883,1.1818919164151434,0.9163213151099081,208,0.5860189094164541,1.1908802820468118,0.9284561675222937,209,,,,,,,,,0.07808758792043782,0.8839310429596647,6.0,1.0,1.0,100.0,1.0,"{""xgb_colsample_bytree"": 1.0, ""xgb_gamma"": 0.07808758792043782, ""xgb_learning_rate"": 0.8839310429596647, ""xgb_max_depth"": 6, ""xgb_min_child_weight"": 1.0, ""xgb_n_estimators"": 100, ""xgb_subsample"": 1.0}",{}
62,7695bf68-8769-4bb1-820e-64aa91402d2a,dataset/curated_logP_model_7695bf68-8769-4bb1-820e-64aa91402d2a.tar.gz,1.6.0,xgboost,/home/jupyter/AMPL/atomsci/logP/dataset/curated_logP.csv,rdkit_raw,scaffold,train_valid_test,r2,normalization,0.4119668328083884,0.990594845637638,0.1778700546712117,0.13969189105707083,972,0.4119668328083884,1.2238847023979977,0.9601103708530735,208,0.42901636457393366,1.398587631007402,1.0958419848537209,209,,,,,,,,,0.05953023399738966,1.1183448767560187,6.0,1.0,1.0,100.0,1.0,"{""xgb_colsample_bytree"": 1.0, ""xgb_gamma"": 0.05953023399738966, ""xgb_learning_rate"": 1.1183448767560187, ""xgb_max_depth"": 6, ""xgb_min_child_weight"": 1.0, ""xgb_n_estimators"": 100, ""xgb_subsample"": 1.0}",{}
47,8c2441ad-56d2-4594-bf69-839c0c1baa55,dataset/curated_logP_model_8c2441ad-56d2-4594-bf69-839c0c1baa55.tar.gz,1.6.0,NN,/home/jupyter/AMPL/atomsci/logP/dataset/curated_logP.csv,rdkit_raw,scaffold,train_valid_test,r2,normalization,0.025995539548739788,0.06896887157811149,1.7697094722774005,1.3559989211782804,972,0.025995539548739788,1.575143292167613,1.2655473737404246,208,0.061689300781512024,1.7928798513555433,1.4525493738252249,209,,,,100.0,99.0,1.5100465776358526e-06,"329,367,231","0.21,0.30,0.37",,,,,,,,"{""best_epoch"": 99, ""dropouts"": [0.21092372407823406, 0.30303593948428525, 0.371905062923404], ""layer_sizes"": [329, 367, 231], ""learning_rate"": 1.5100465776358526e-06, ""max_epochs"": 100}",{}
33,febad301-8829-4750-aa0e-612ad1c5f71a,dataset/curated_logP_model_febad301-8829-4750-aa0e-612ad1c5f71a.tar.gz,1.6.0,NN,/home/jupyter/AMPL/atomsci/logP/dataset/curated_logP.csv,rdkit_raw,scaffold,train_valid_test,r2,normalization,0.006104062770160623,-0.01688936113751205,1.8495101817423978,1.4253009997851163,972,0.006104062770160623,1.591146078790253,1.2800815395276213,208,0.0024325811933526564,1.8486256750442076,1.4993076390091622,209,,,,100.0,2.0,1.7114775644095847e-06,"476,136,131","0.06,0.26,0.22",,,,,,,,"{""best_epoch"": 2, ""dropouts"": [0.05579819644706277, 0.26486259966036324, 0.22010703694040212], ""layer_sizes"": [476, 136, 131], ""learning_rate"": 1.7114775644095847e-06, ""max_epochs"": 100}",{}
48,2f05b123-b778-47ca-9645-d1efba75f8cd,dataset/curated_logP_model_2f05b123-b778-47ca-9645-d1efba75f8cd.tar.gz,1.6.0,NN,/home/jupyter/AMPL/atomsci/logP/dataset/curated_logP.csv,rdkit_raw,scaffold,train_valid_test,r2,normalization,0.0033085983753825543,-0.028811717274231485,1.8603207301127693,1.434188710876433,972,0.0033085983753825543,1.5933821624646605,1.2811872177247112,208,-0.002814443744455941,1.853481017895504,1.5038206927371622,209,,,,100.0,0.0,4.201701976852261e-06,"178,129,248","0.33,0.19,0.08",,,,,,,,"{""best_epoch"": 0, ""dropouts"": [0.32766260476713427, 0.18845896701649176, 0.08001046569061061], ""layer_sizes"": [178, 129, 248], ""learning_rate"": 4.201701976852261e-06, ""max_epochs"": 100}",{}
44,75302db9-a34c-49eb-bb7f-c74e2b6464d3,dataset/curated_logP_model_75302db9-a34c-49eb-bb7f-c74e2b6464d3.tar.gz,1.6.0,NN,/home/jupyter/AMPL/atomsci/logP/dataset/curated_logP.csv,rdkit_raw,scaffold,train_valid_test,r2,normalization,-0.017411761681567217,-0.0032342863270022892,1.837050341760685,1.4097523735098803,972,-0.017411761681567217,1.6098594903977685,1.297131820777088,208,-0.0009504455095397102,1.8517576221477814,1.5024173128791707,209,,,,100.0,3.0,0.012198126599012704,"210,472,11","0.14,0.24,0.22",,,,,,,,"{""best_epoch"": 3, ""dropouts"": [0.14020254445265695, 0.24029326404054463, 0.21561137555899906], ""layer_sizes"": [210, 472, 11], ""learning_rate"": 0.012198126599012704, ""max_epochs"": 100}",{}
50,8e74a4b0-2b58-489c-a26e-0e92da60e7c6,dataset/curated_logP_model_8e74a4b0-2b58-489c-a26e-0e92da60e7c6.tar.gz,1.6.0,NN,/home/jupyter/AMPL/atomsci/logP/dataset/curated_logP.csv,rdkit_raw,scaffold,train_valid_test,r2,normalization,-0.027309569962510327,-0.0012604778495544089,1.8352423040839043,1.4069712200266877,972,-0.027309569962510327,1.6176712315262738,1.3023716046908267,208,-0.0035244357284802685,1.8541370334882956,1.503999488162394,209,,,,100.0,0.0,8.192051194237118e-06,"42,459,144","0.30,0.35,0.09",,,,,,,,"{""best_epoch"": 0, ""dropouts"": [0.2963568356502782, 0.3546666225893812, 0.09337315242128029], ""layer_sizes"": [42, 459, 144], ""learning_rate"": 8.192051194237118e-06, ""max_epochs"": 100}",{}
65,c2a48e5e-3da0-4e66-948f-0ffcfa7eb761,dataset/curated_logP_model_c2a48e5e-3da0-4e66-948f-0ffcfa7eb761.tar.gz,1.6.0,xgboost,/home/jupyter/AMPL/atomsci/logP/dataset/curated_logP.csv,rdkit_raw,scaffold,train_valid_test,r2,normalization,-0.05616241885725404,0.9972333865480507,0.09647040833137725,0.07461154044234046,972,-0.05616241885725404,1.6402307527021673,1.2351346642087102,208,0.05227506044201791,1.8018515471826735,1.3450269831661037,209,,,,,,,,,0.017394455660698395,1.5562411739990085,6.0,1.0,1.0,100.0,1.0,"{""xgb_colsample_bytree"": 1.0, ""xgb_gamma"": 0.017394455660698395, ""xgb_learning_rate"": 1.5562411739990085, ""xgb_max_depth"": 6, ""xgb_min_child_weight"": 1.0, ""xgb_n_estimators"": 100, ""xgb_subsample"": 1.0}",{}
61,9eac169e-a041-4c4c-8a4a-23cb354d9216,dataset/curated_logP_model_9eac169e-a041-4c4c-8a4a-23cb354d9216.tar.gz,1.6.0,xgboost,/home/jupyter/AMPL/atomsci/logP/dataset/curated_logP.csv,rdkit_raw,scaffold,train_valid_test,r2,normalization,-1.392946571570501,0.995144993879122,0.1277952657803684,0.10161240338334072,972,-1.392946571570501,2.4689147609782567,1.8636936349752204,208,-0.7737900127258972,2.4650682895447167,1.9474601369286795,209,,,,,,,,,0.05077300166638077,1.9382376261240781,6.0,1.0,1.0,100.0,1.0,"{""xgb_colsample_bytree"": 1.0, ""xgb_gamma"": 0.05077300166638077, ""xgb_learning_rate"": 1.9382376261240781, ""xgb_max_depth"": 6, ""xgb_min_child_weight"": 1.0, ""xgb_n_estimators"": 100, ""xgb_subsample"": 1.0}",{}
68,7d6babfa-73b9-4af1-92ba-94798044b35b,dataset/curated_logP_model_7d6babfa-73b9-4af1-92ba-94798044b35b.tar.gz,1.6.0,xgboost,/home/jupyter/AMPL/atomsci/logP/dataset/curated_logP.csv,rdkit_raw,scaffold,train_valid_test,r2,normalization,-26107375842.14596,-39132410139.370544,362817.4552893362,237982.95185028453,972,-26107375842.14596,257882.10460265292,122656.38867150772,208,-21278400262.178425,269989.78893973393,138117.30581202757,209,,,,,,,,,0.03045919880754011,2.157012187904336,6.0,1.0,1.0,100.0,1.0,"{""xgb_colsample_bytree"": 1.0, ""xgb_gamma"": 0.03045919880754011, ""xgb_learning_rate"": 2.157012187904336, ""xgb_max_depth"": 6, ""xgb_min_child_weight"": 1.0, ""xgb_n_estimators"": 100, ""xgb_subsample"": 1.0}",{}
